External link,Could not obtain reviews.
Passion,No reviews
Gist,No reviews
GetResponse,No reviews
WebStarts,No reviews
WooCommerce Marketplace,No reviews
Phantombuster,No reviews
Payhip,No reviews
Apify,No reviews
Dux Soup,No reviews
Backendless,No reviews
Stripo,No reviews
Joonbot,No reviews
Abyssale,No reviews
External link,Could not obtain reviews.
Getsitecontrol,No reviews
Elfsight,No reviews
Xano,No reviews
Tally,Form tool that’s seamless and easy to build minimal forms.
Tally,"It’s very straightforward to use, share and integrate within other sites and apps."
Tally,Beautiful &amp; Minimal Interface
Koji,No reviews
